{
  "applications": {
    "notepad": "notepad.exe",
    "calculator": "calc.exe",
    "calc": "calc.exe",
    "paint": "mspaint.exe",
    "mspaint": "mspaint.exe",
    "cmd": "cmd.exe",
    "powershell": "powershell.exe",
    "explorer": "explorer.exe",
    "blender": "C:\\Program Files\\Blender Foundation\\Blender 4.2\\blender-launcher.exe",
    "chrome": "C:\\Program Files\\Google\\Chrome\\Application\\chrome.exe",
    "firefox": "C:\\Program Files\\Mozilla Firefox\\firefox.exe",
    "edge": "C:\\Program Files (x86)\\Microsoft\\Edge\\Application\\msedge.exe",
    "word": [
      "C:\\Program Files\\Microsoft Office\\root\\Office16\\WINWORD.EXE",
      "C:\\Program Files (x86)\\Microsoft Office\\root\\Office16\\WINWORD.EXE",
      "C:\\Program Files\\Microsoft Office\\Office16\\WINWORD.EXE",
      "C:\\Program Files (x86)\\Microsoft Office\\Office16\\WINWORD.EXE"
    ],
    "excel": [
      "C:\\Program Files\\Microsoft Office\\root\\Office16\\EXCEL.EXE",
      "C:\\Program Files (x86)\\Microsoft Office\\root\\Office16\\EXCEL.EXE"
    ],
    "powerpoint": [
      "C:\\Program Files\\Microsoft Office\\root\\Office16\\POWERPNT.EXE",
      "C:\\Program Files (x86)\\Microsoft Office\\root\\Office16\\POWERPNT.EXE"
    ],
    "outlook": [
      "C:\\Program Files\\Microsoft Office\\root\\Office16\\OUTLOOK.EXE",
      "C:\\Program Files (x86)\\Microsoft Office\\root\\Office16\\OUTLOOK.EXE"
    ],
    "code": "C:\\Users\\{USER}\\AppData\\Local\\Programs\\Microsoft VS Code\\Code.exe",
    "vscode": "C:\\Users\\{USER}\\AppData\\Local\\Programs\\Microsoft VS Code\\Code.exe"
  },
  "path_variables": {
    "{USER}": "current_user"
  }
}
